Name,Price,Cuisine_Category,City,Region,Cuisine_Type,Timing,Rating_Types,Rating,Votes
RH Chicken Point,350,"North Indian,Fast Food,Kebab",Jabalpur,Cantt,Quick Bites,11am to 11pm(Mon-Sun),Excellent,4.6,485
Domino's Pizza,500,"Italian,Pizza",Jabalpur,Napier Town,Quick Bites,11am to 12midnight(Mon-Sun),Very Good,4.3,205
Badkul Restaurant,500,"North Indian,Fast Food,Chinese",Jabalpur,Vijay Nagar,Casual Dining,11am to 11pm(Mon-Sun),Very Good,4.0,306
Riyaz Hotel - 1953,300,"Biryani,North Indian",Jabalpur,Napier Town,Quick Bites,11am to 11pm(Mon-Sun),Very Good,4.3,356
Wok n More,650,"Chinese,Thai",Jabalpur,Civil Lines,Quick Bites,11am to 11pm(Mon-Sun),Very Good,4.4,103
The Yellow Chilli,1000,"North Indian,Mughlai",Jabalpur,Napier Town,Fine Dining,1230pm to 11pm(Mon-Sun),Average,3.4,85
Best Choice,250,"Burger,Sandwich,Roast Chicken,Fast Food,Rolls,Beverages",Jabalpur,Napier Town,Quick Bites,12noon to 1030pm(Mon-Sun),Excellent,4.8,218
Naidu's Dilli Ki Gali Parathe Wali,300,"Street Food,North Indian",Jabalpur,Napier Town,Quick Bites,9am to 1030pm(Mon-Sun),Excellent,4.6,214
Govinda's Fast Food Centre,250,"Pizza,Fast Food",Jabalpur,Napier Town,Quick Bites,11am to 1030pm(Mon-Sun),Excellent,4.5,158
New Pawar Restaurant,600,"North Indian,Chinese",Jabalpur,Wright Town,Casual Dining,9am to 11pm(Mon-Sun),Very Good,4.2,165
Pizza Hut,600,"Pizza,Italian",Jabalpur,Napier Town,Casual Dining,11am to 11pm(Mon-Sun),Very Good,4.0,187
Sai Chinese Point,150,"Fast Food,Chinese",Jabalpur,Napier Town,Quick Bites,11am to 11pm(Mon-Sun),Good,3.9,194
Jharokha Restaurant The Arihant Palace,800,"North Indian,Mughlai,Continental,Chinese",Jabalpur,Napier Town,Casual Dining,11am to 11pm(Mon-Sun),Very Good,4.3,124
Subway,500,"Healthy Food,Sandwich,Salad",Jabalpur,Napier Town,Quick Bites,11am to 11pm(Mon-Sun),Very Good,4.3,173
KFC,500,American,Jabalpur,Rampur,Quick Bites,10am to 11pm(Mon-Sun),Very Good,4.0,169
Appu Bhel Puri,100,Street Food,Jabalpur,Napier Town,Quick Bites,4pm to 10pm(Mon-Sun),Good,3.5,14
Chourasiya Hotel,150,"Street Food,Mithai",Jabalpur,Napier Town,Quick Bites,11am to 10pm(Mon-Sun),Average,2.9,17
Yaari Risto,600,"North Indian,Fast Food",Jabalpur,Wright Town,Quick Bites,10am to 10pm(Mon-Sun),Average,3.1,12
Lazeez Lawn & Restaurant,800,North Indian,Jabalpur,Napier Town,Casual Dining,11am to 11pm(Mon-Sun),Good,3.7,33
Kulhad,70,"Tea,Coffee",Jabalpur,Vijay Nagar,Beverage Shop,5pm to 10pm(Mon-Sun),Very Good,4.1,16
Shiv Sagar Restaurant,300,"North Indian,Chinese,South Indian",Jabalpur,Vijay Nagar,Quick Bites,10am to 10pm(Mon-Sun),Average,2.8,6
Foodies Cafe,200,Fast Food,Jabalpur,Napier Town,Café,12noon to 10pm(Mon-Sun),Average,3.2,5
Engineers Cafe,300,North Indian,Jabalpur,Shakti Nagar,Quick Bites,11am to 10pm(Mon-Sun),Average,3.4,12
Veg Chinese Centre,150,Chinese,Jabalpur,Napier Town,Kiosk,11am to 10pm(Mon-Sun),Average,3.4,15
The Only Place,350,"Chinese,Fast Food,Continental",Jabalpur,Cantt,Casual Dining,12noon to 11pm(Mon-Sun),Good,3.7,24
Sai Ram Sweets,200,Mithai,Jabalpur,Vijay Nagar,Sweet Shop,11am to 10pm(Mon-Sun),Average,2.9,8
Chaman Chaat,200,"Ice Cream,Desserts",Jabalpur,Gohalpur,Dessert Parlor,(Mon-Sun),Average,2.9,10
Indore Sev Bhandar,250,Mithai,Jabalpur,Ganjipura,Sweet Shop,10am to 10pm(Mon-Sun),Average,2.8,8
Hotel Manmohan,300,Indian,Jabalpur,Civil Lines,Quick Bites,12noon to 11pm(Mon-Sun),Good,3.5,27
New Hotel Haji Basheer,300,Mughlai,Jabalpur,Cantt,Quick Bites,130pm to 10pm(Mon-Sun),Average,3.2,11
Baked Story,500,"Bakery,Desserts,Fast Food",Jabalpur,Vijay Nagar,Bakery,"12noon to 10pm(Mon),11am to 10pm(Tue-Sun)",Good,3.6,15
Fountain Spot,300,"Chinese,Fast Food",Jabalpur,Cantt,Quick Bites,2pm to 9pm(Mon-Sun),Average,3.3,8
PUBG Food Corner,200,"South Indian,Fast Food",Jabalpur,Napier Town,Quick Bites,11am to 1030pm(Mon-Sun),Good,3.6,20
Ras Crush,250,"Juices,Beverages",Jabalpur,Wright Town,Beverage Shop,7am to 10pm(Mon-Sun),Average,2.8,6
Karnawat,100,Paan,Jabalpur,Napier Town,Paan Shop,11am to 10pm(Mon-Sun),Average,3.3,9
Zaika Junction,350,"North Indian,Chinese",Jabalpur,Cantt,Quick Bites,11am to 11pm(Mon-Sun),Average,3.4,14
Amrit Bhandar,200,Desserts,Jabalpur,Vijay Nagar,Sweet Shop,11am to 10pm(Mon-Sun),Average,3.1,5
The Chocolate Story,450,"Italian,Fast Food,Desserts",Jabalpur,Napier Town,Quick Bites,1130am to 1030pm(Mon-Sun),Good,3.8,21
Megha Restaurant,250,"North Indian,Biryani",Jabalpur,Napier Town,Quick Bites,11am to 10pm(Mon-Sun),Average,3.3,7
Anand Dairy,250,Juices,Jabalpur,Ganjipura,Beverage Shop,11am to 10pm(Mon-Sun),Average,3.1,4
Hira Cake's Dry Fruits,200,Bakery,Jabalpur,Rampur,Bakery,9am to 10pm(Mon-Sun),Average,3.0,4
Aashi Rstaurant,150,Fast Food,Jabalpur,Vijay Nagar,Quick Bites,12noon to 10pm(Mon-Sun),Average,3.1,4
Samdareeya Food Court 2.0,150,"North Indian,Italian,Chinese",Jabalpur,Napier Town,Food Court,10am to 10pm(Mon-Sun),Average,3.2,8
Naivedyam,450,South Indian,Jabalpur,Napier Town,Casual Dining,11am to 10pm(Mon-Sun),Average,2.9,8
AL-TAJ Hotel,250,"Biryani,Kebab,North Indian",Jabalpur,Napier Town,Quick Bites,1130am to 11pm(Mon-Sun),Average,3.0,17
Mom's Food Plaza,400,North Indian,Jabalpur,Wright Town,Quick Bites,"10am to 10pm(Mon-Sat),Closed(Sun)",Average,2.9,6
Suresh Bakery,400,Bakery,Jabalpur,Ghamapur,Bakery,"10am to 10pm(Mon,Wed,Thu,Fri,Sat,Sun),Closed...",Average,3.0,5
Indore Sweets Namkeen & Bakery,200,"Bakery,Street Food",Jabalpur,Rampur,Bakery,10am to 10pm(Mon-Sun),Average,3.2,5
Chai Wala,200,"Fast Food,Tea",Jabalpur,Wright Town,Quick Bites,11am to 10pm(Mon-Sun),Average,3.3,9
Fusion,1000,"North Indian,Chinese,Continental",Jabalpur,Vijay Nagar,Lounge,12noon to 1130pm(Mon-Sun),Average,3.0,22
Govindam Gopalam,400,"North Indian,South Indian,Chinese",Jabalpur,Karmeta,Quick Bites,930am to 12midnight(Mon-Sun),Good,3.6,10
The Sweet Shoppee,500,"Mithai,Desserts",Jabalpur,Chandmari,Sweet Shop,11am to 10pm(Mon-Sun),Average,2.8,4
Jagdish Restaurant,200,North Indian,Jabalpur,Wright Town,Casual Dining,9am to 10pm(Mon-Sun),Average,2.9,6
Green Apple,400,"Fast Food,North Indian",Jabalpur,Civil Lines,Quick Bites,11am to 10pm(Mon-Sun),Average,3.2,6
Sheetal Kunj Juice Center,150,Juices,Jabalpur,Wright Town,Beverage Shop,11am to 10pm(Mon-Sun),Average,2.9,5
Chandrakala Sweets,200,Mithai,Jabalpur,Napier Town,Sweet Shop,11am to 10pm(Mon-Sun),Average,3.0,4
Calcutta Chinese,350,"Fast Food,Chinese",Jabalpur,Cantt,Food Court,11am to 11pm(Mon-Sun),Good,3.6,33
Ande Ka Funda,200,Fast Food,Jabalpur,Vijay Nagar,Quick Bites,12noon to 1030pm(Mon-Sun),Good,3.7,22
Barbecue Family Restaurant,500,BBQ,Jabalpur,Rampur,Quick Bites,2pm to 1230AM(Mon-Sun),Good,3.6,30
Hotel Anushree Restaurant,600,"South Indian,North Indian,Continental",Jabalpur,Napier Town,Casual Dining,12noon to 11pm(Mon-Sun),Average,2.7,24
Hira Sweets Cakes n Cookies,400,"Mithai,Fast Food,Bakery",Jabalpur,Napier Town,Bakery,9am to 1030pm(Mon-Sun),Good,3.6,28
CFC- The A La Carte Restaurants,1000,"North Indian,Chinese,Italian,Beverages",Jabalpur,Rampur,Casual Dining,11am to 11pm(Mon-Sun),Average,2.7,34
Icchadhari Lassi,100,Beverages,Jabalpur,Wright Town,Beverage Shop,9am to 12midnight(Mon-Sun),Average,3.4,10
Shiv Shakti Ice Cream,100,Ice Cream,Jabalpur,Napier Town,Dessert Parlor,11am to 1030pm(Mon-Sun),Good,3.7,20
Maurya - By Satya Ashoka,600,North Indian,Jabalpur,Wright Town,Casual Dining,11am to 11pm(Mon-Sun),Good,3.5,26
Al- Razzaq,250,"North Indian,Mughlai",Jabalpur,Napier Town,Quick Bites,12noon to 11pm(Mon-Sun),Good,3.7,24
New Chourasiya Hotel,300,"North Indian,Chinese,Fast Food",Jabalpur,Vijay Nagar,Quick Bites,8am to 11pm(Mon-Sun),Average,3.2,16
Loknath Pizza,250,"Pizza,Burger",Jabalpur,Vijay Nagar,Quick Bites,330pm to 1030pm(Mon-Sun),Good,3.6,19
FnP Cakes 'n' More,500,Bakery,Jabalpur,Civil Lines,none,9am to 11pm(Mon-Sun),Good,3.5,10
Snacker,300,"Fast Food,Continental,Chinese,Mughlai",Jabalpur,Napier Town,Quick Bites,4pm to 11pm(Mon-Sun),Good,3.6,34
MadhuKalash The Mithai Shop,500,"Mithai,Street Food",Jabalpur,Cantt,Sweet Shop,11am to 1030pm(Mon-Sun),Good,3.5,20
Goli Vada Pav No.1,150,Street Food,Jabalpur,Napier Town,Quick Bites,1030am to 1130pm(Mon-Sun),Average,3.2,47
Chop Sticks Chinese Corner,250,Chinese,Jabalpur,Rampur,Quick Bites,11am to 11pm(Mon-Sun),Good,3.5,36
ShreeJi Falahar Corner,150,Street Food,Jabalpur,Vijay Nagar,Quick Bites,11am to 11pm(Mon-Sun),Good,3.7,23
Hotel Kesar Zayka,300,"Chinese,North Indian",Jabalpur,Khamaria,Quick Bites,12noon to 11pm(Mon-Sun),Average,2.9,12
Sadda Rangla Punjab,300,"North Indian,Mughlai,Chinese",Jabalpur,Rampur,Quick Bites,11am to 11pm(Mon-Sun),Average,3.4,11
Choupal Cafe,200,"Fast Food,Chinese,Rolls",Jabalpur,Napier Town,Quick Bites,11am to 11pm(Mon-Sun),Average,3.4,19
Gopal Ji,200,Mithai,Jabalpur,Civil Lines,Sweet Shop,8am to 11pm(Mon-Sun),Average,3.3,10
Fresh Fruit N Juice Center,150,Juices,Jabalpur,Vijay Nagar,Beverage Shop,11am to 11pm(Mon-Sun),Average,3.4,6
Moti Mahal Deluxe,600,North Indian,Jabalpur,Cantt,Casual Dining,11am to 11pm(Mon-Sun),Average,3.3,38
Hira Cakes,150,Bakery,Jabalpur,Napier Town,Bakery,11am to 1030pm(Mon-Sun),Average,3.2,7
Punjab Restaurant,200,North Indian,Jabalpur,Khamaria,Quick Bites,"12noon to 330pm,615pm to 1020pm(Mon,Tue...",Average,3.1,14
Mame Da Hotel,400,North Indian,Jabalpur,Napier Town,Casual Dining,"1230pm to 5pm,730pm to 11pm(Mon-Sun)",Good,3.6,21
White Rose Resto Bar,1000,"North Indian,Chinese",Jabalpur,Vijay Nagar,Casual Dining,11am to 11pm(Mon-Sun),Average,3.3,16
Gulmohur Restaurant,500,North Indian,Jabalpur,Ganjipura,Casual Dining,730am to 11pm(Mon-Sun),Average,3.4,16
Humsaaz Restaurant,400,North Indian,Jabalpur,Adhartal,Quick Bites,245pm to 1130pm(Mon-Sun),Average,3.3,12
Raja Restaurant,400,"North Indian,Chinese",Jabalpur,Wright Town,Casual Dining,10am to 1030pm(Mon-Sun),Average,3.4,13
Bake Villa,300,Bakery,Jabalpur,Vijay Nagar,Bakery,10am to 11pm(Mon-Sun),Average,3.3,13
Gandhi Sweets,300,Mithai,Jabalpur,Khamaria,Sweet Shop,11am to 11pm(Mon-Sun),Good,3.5,13
Smart Foods,250,"Fast Food,Street Food",Jabalpur,Napier Town,Quick Bites,1230pm to 1045pm(Mon-Sun),Average,3.3,9
7 Eleven,250,"Bakery,Chinese,Street Food",Jabalpur,Rampur,Bakery,11am to 11pm(Mon-Sun),Good,3.5,27
#99,200,Fast Food,Jabalpur,Vijay Nagar,Quick Bites,1130am to 11pm(Mon-Sun),Good,3.8,16
Swastik Restaurant,500,North Indian,Jabalpur,Napier Town,Casual Dining,12noon to 1045pm(Mon-Sun),Average,3.4,14
Sarojani Catering,400,"Chinese,Indian,Fast Food",Jabalpur,Cantt,Quick Bites,"9am to 1130pm(Mon-Thu),9am to 11pm(Fri-Sun)",Average,3.3,11
Aura -Pub & Lounge By Anantara,1500,"North Indian,Chinese",Jabalpur,Cantt,Lounge,12noon to 12midnight(Mon-Sun),Good,3.5,15
Manish Fast Food,200,Fast Food,Jabalpur,Cantt,Food Court,11am to 11pm(Mon-Sun),Good,3.6,20
Zayaka Restaurant,400,"North Indian,South Indian,Mughlai",Jabalpur,Civil Lines,Quick Bites,12noon to 11pm(Mon-Sun),Average,2.5,16
The Options Family Restaurant,500,North Indian,Jabalpur,Napier Town,Casual Dining,12noon to 11pm(Mon-Sun),Average,3.4,12
7-11 Bakers & Sweets,400,"Street Food,Italian,Fast Food,Chinese",Jabalpur,Hathital,Quick Bites,9am to 1030pm(Mon-Sun),Good,3.6,27
Krishna Hotel & Restaurant,300,North Indian,Jabalpur,Civil Lines,Quick Bites,11am to 11pm(Mon-Sun),Average,3.3,10
Sports Club Of Jabalpur,400,"North Indian,Chinese",Jabalpur,Cantt,Quick Bites,10am to 12midnight(Mon-Sun),Average,3.3,19
Street Food Corner,100,Fast Food,Jabalpur,Khamaria,Quick Bites,10am to 11pm(Mon-Sun),Average,3.1,5
Fresh N Fresh Bakers,200,Bakery,Jabalpur,Ganjipura,Quick Bites,1130am to 1030pm(Mon-Sun),Average,3.2,6
Desi Twist,400,"North Indian,Lebanese,Fast Food,Continental",Jabalpur,Civil Lines,Quick Bites,11am to 11pm(Mon-Sun),Very Good,4.3,88
Zamghat,300,"South Indian,Juices",Jabalpur,Napier Town,Quick Bites,11am to 12midnight(Mon-Sun),Very Good,4.1,90
The Oven Classics,250,"Fast Food,Chinese",Jabalpur,Civil Lines,Quick Bites,11am to 11pm(Mon-Sun),Very Good,4.1,83
Dhaba Cafe,200,"Cafe,Fast Food,Chinese,North Indian",Jabalpur,Napier Town,Café,1110am to 1045pm(Mon-Sun),Good,3.7,76
Any Time Meals,400,North Indian,Jabalpur,Hathital,Casual Dining,7am to 1130pm(Mon-Sun),Good,3.7,84
Asanzo,700,"North Indian,Italian,Fast Food,Continental,Chinese",Jabalpur,Civil Lines,Casual Dining,11am to 11pm(Mon-Sun),Very Good,4.3,91
Sahebs Food Junction,800,North Indian,Jabalpur,Napier Town,Casual Dining,11am to 11pm(Mon-Sun),Very Good,4.1,112
Burger Hut,450,"Burger,Fast Food,American",Jabalpur,Vijay Nagar,Quick Bites,11am to 11pm(Mon-Sun),Very Good,4.1,105
Dilliwala's,500,North Indian,Jabalpur,Napier Town,Quick Bites,11am to 11pm(Mon-Sun),Very Good,4.2,85
The Melting Pot Bistro,750,"North Indian,Italian,Continental,Chinese,American",Jabalpur,Wright Town,Casual Dining,8am to 11pm(Mon-Sun),Good,3.8,84
Smoky Brew,1500,"North Indian,Italian,Continental,Chinese",Jabalpur,Hathital,Café,12noon to 11pm(Mon-Sun),Good,3.9,107
Roopali Restaurant,300,"North Indian,Chinese,Continental,Mughlai",Jabalpur,Napier Town,Casual Dining,930am to 1030pm(Mon-Sun),Good,3.7,126
Z-7 Fast Foods,200,Fast Food,Jabalpur,Napier Town,Quick Bites,1230pm to 1130pm(Mon-Sun),Very Good,4.0,90
Crystal,1500,"North Indian,Mughlai,Italian,Continental,Chinese",Jabalpur,Rampur,Fine Dining,12noon to 11pm(Mon-Sun),Good,3.9,121
Food  Affair Restaurant,500,"North Indian,Seafood,Mughlai,Continental,Chinese,Italian",Jabalpur,Garha,Casual Dining,1130am to 12midnight(Mon-Sun),Good,3.9,44
Manish Fast Food,200,Fast Food,Jabalpur,Cantt,Food Court,11am to 11pm(Mon-Sun),Good,3.6,20
Sports Club Of Jabalpur,400,"North Indian,Chinese",Jabalpur,Cantt,Quick Bites,10am to 12midnight(Mon-Sun),Average,3.3,19
Sanskardhani Juice Center,350,"Beverages,Juices",Jabalpur,Wright Town,Beverage Shop,"10pm to 11pm(Mon,Wed,Thu,Fri,Sat,Sun),955am...",Average,3.4,10
Street Food Corner,100,Fast Food,Jabalpur,Khamaria,Quick Bites,10am to 11pm(Mon-Sun),Average,3.1,5
Hotel Prince Viraj,700,North Indian,Jabalpur,Vijay Nagar,Casual Dining,11am to 11pm(Mon-Sun),Good,3.5,21
FnP Cakes 'n' More,500,Bakery,Jabalpur,Napier Town,none,8am to 11pm(Mon-Sun),Average,3.4,11
Hotel The Samrat,300,"Indian,Continental,Chinese,Mughlai",Jabalpur,Napier Town,Casual Dining,730am to 11pm(Mon-Sun),Good,3.5,18
Top 'N Town,200,Desserts,Jabalpur,Cantt,Dessert Parlor,10am to 1030pm(Mon-Sun),Average,3.1,6
Babu Chaurasiya Pan,100,Paan,Jabalpur,Wright Town,Paan Shop,12noon to 1030pm(Mon-Sun),Good,3.5,11
Muskan Family Restaurant,450,"North Indian,Fast Food,Chinese",Jabalpur,Napier Town,Quick Bites,10am to 11pm(Mon-Sun),Good,3.8,20
Jacksons Back In Time,1500,"North Indian,Mughlai,Continental,Chinese",Jabalpur,Civil Lines,Fine Dining,"730am to 1030am,7pm to 11pm,12noon to 330pm...",Average,3.3,10
Taste of Punjab,250,North Indian,Jabalpur,Cantt,Quick Bites,11am to 11pm(Mon-Sun),Average,3.3,14
Baithak Restaurant,150,"Fast Food,Beverages,Chinese",Jabalpur,Vijay Nagar,none,3pm to 11pm(Mon-Sun),Average,3.3,7
Jabalpur Food Wala,300,Fast Food,Jabalpur,Vijay Nagar,Quick Bites,8am to 11pm(Mon-Sun),Average,3.2,5
Bombay Sandwiches and Cutlets,150,Fast Food,Jabalpur,Napier Town,none,2pm to 1030pm(Mon-Sun),Average,3.3,12
Hira Sweets,200,"Mithai,Fast Food,Bakery",Jabalpur,Ganjipura,Quick Bites,10am to 1030pm(Mon-Sun),Average,3.2,11
Shri Chinese Center,100,Chinese,Jabalpur,Dhanvantari Nagar,Quick Bites,5pm to 11pm(Mon-Sun),Average,3.1,7
Sonali Restaurant,450,"North Indian,Chinese",Jabalpur,Wright Town,Casual Dining,9am to 1030pm(Mon-Sun),Average,3.1,17
Yummy Food Centre,100,Fast Food,Jabalpur,Rampur,Quick Bites,11am to 1030pm(Mon-Sun),Average,3.0,4
Gupta Bhelpuri Center,100,Street Food,Jabalpur,Napier Town,Quick Bites,7pm to 11pm(Mon-Sun),Average,3.3,10
RB Cafe,400,Fast Food,Jabalpur,Wright Town,Quick Bites,11am to 11pm(Mon-Sun),Average,3.3,7
Annkoot- Family Veg Restaurant,400,North Indian,Jabalpur,Vijay Nagar,Quick Bites,1130am to 1030pm(Mon-Sun),Average,3.2,9
Nema Matka Kulfi,100,"Ice Cream,Beverages",Jabalpur,Vijay Nagar,Dessert Parlor,330pm to 11pm(Mon-Sun),Average,3.3,4
Dolphin Restaurant,500,"Indian,Chinese",Jabalpur,Cantt,Casual Dining,11am to 12midnight(Mon-Sun),Average,3.3,9
Bult Cafe,200,North Indian,Jabalpur,Hathital,Quick Bites,12noon to 1030pm(Mon-Sun),Average,3.2,4
Machan Family Dhaba,750,"North Indian,Mughlai",Jabalpur,Dhanvantari Nagar,Casual Dining,8am to 11pm(Mon-Sun),Average,3.4,13
Hira Sweets,200,Mithai,Jabalpur,Rampur,Sweet Shop,9am to 1030pm(Mon-Sun),Average,3.2,7
Highway Dining Restaurant,500,North Indian,Jabalpur,Shakti Nagar,Casual Dining,11am to 11pm(Mon-Sun),Average,3.1,9
Foodies Point,500,"Fast Food,Chinese",Jabalpur,Rampur,Quick Bites,11am to 1030pm(Mon-Sun),Average,3.0,6
Lavender Real Milkshake,200,Beverages,Jabalpur,Cantt,Beverage Shop,11am to 11pm(Mon-Sun),Average,3.2,9
Rajasthan Mishthan Bhandar,200,"Mithai,Street Food",Jabalpur,Shakti Nagar,Sweet Shop,730am to 1030pm(Mon-Sun),Good,3.5,13
Heritage by Hotel Datt Residency,600,"North Indian,Chinese,Continental",Jabalpur,Civil Lines,Casual Dining,11am to 11pm(Mon-Sun),Average,3.2,9
Food Planet,300,Fast Food,Jabalpur,Ganjipura,Quick Bites,11am to 11pm(Mon-Sun),Average,2.8,10
Masssala Cafe,500,Indian,Jabalpur,Vijay Nagar,Quick Bites,1130am to 11pm(Mon-Sun),Average,3.4,5
Rounak Bhel Puri,100,Street Food,Jabalpur,Napier Town,none,5pm to 11pm(Mon-Sun),Average,3.0,4
Kanha Lake View,500,North Indian,Jabalpur,Garha,Casual Dining,11am to 11pm(Mon-Sun),Average,2.9,4
M2 Food,300,Fast Food,Jabalpur,Napier Town,Quick Bites,11am to 11pm(Mon-Sun),Average,3.4,9
Masala Mystery,1500,"North Indian,Chinese",Jabalpur,Vijay Nagar,Casual Dining,"1130am to 330pm,730pm to 1030pm(Mon-Sun)",Average,3.0,6
Coffee Culture,1000,"Cafe,Chinese,Coffee,Continental,Italian,Mexican,North Indian,Street Food",Jabalpur,Cantt,Café,11am to 11pm(Mon-Sun),Average,3.2,8
Hotel BK Castle,1200,"North Indian,Chinese,Italian",Jabalpur,Mahrajpur,Casual Dining,11am to 11pm(Mon-Sun),Average,3.1,4
Rice Box,200,North Indian,Jabalpur,Wright Town,Quick Bites,11am to 11pm(Mon-Sun),Average,3.1,10
Hotel Tawakkul,400,North Indian,Jabalpur,Rampur,Quick Bites,11am to 11pm(Mon-Sun),Average,3.0,6
Shri Nirmal Sai Fast Food,300,Fast Food,Jabalpur,Rampur,Quick Bites,5pm to 11pm(Mon-Sun),Average,3.0,7
Kanha Restaurant,250,Street Food,Jabalpur,Napier Town,Quick Bites,11am to 1030pm(Mon-Sun),Average,2.9,7
7 Eleven,200,Bakery,Jabalpur,Vijay Nagar,Bakery,11am to 11pm(Mon-Sun),Average,2.9,6
Sanjh Savere by annpurna inn,600,"Cafe,North Indian,Fast Food",Jabalpur,Napier Town,Café,"730am to 11pm(Mon-Fri),11am to 11pm(Sat-Sun)",Average,2.9,6
Hotel Delite Grand,800,"North Indian,Italian,Continental,Chinese",Jabalpur,Civil Lines,Casual Dining,11am to 11pm(Mon-Sun),Average,3.1,4
Krishna Foods,200,"Fast Food,Pizza,Sandwich,Burger",Jabalpur,Vijay Nagar,Quick Bites,4pm to 1030pm(Mon-Sun),Average,3.1,5
Hotel Akash Ganga,700,"North Indian,Fast Food",Jabalpur,Rampur,Casual Dining,11am to 11pm(Mon-Sun),Average,2.9,4
Flavours Restaurant,600,North Indian,Jabalpur,Cantt,Casual Dining,11am to 11pm(Mon-Sun),Average,3.1,4
Hotel Kartik,600,"North Indian,Chinese",Jabalpur,Napier Town,Casual Dining,11am to 11pm(Mon-Sun),Average,3.1,6
Munna Hotel,200,North Indian,Jabalpur,Wright Town,Quick Bites,9am to 11pm(Mon-Sun),Average,2.9,5
Juice Center,100,Juices,Jabalpur,Cantt,Beverage Shop,11am to 1030pm(Mon-Sun),Average,3.0,6
Baba Biryani,200,"Biryani,North Indian",Jabalpur,Vijay Nagar,none,5pm to 11pm(Mon-Sun),Average,3.0,4
Hotel Cozy Residency,700,"North Indian,Chinese",Jabalpur,Napier Town,Casual Dining,12noon to 11pm(Mon-Sun),Average,3.0,4
Snack Attack,400,Fast Food,Jabalpur,Khamaria,Quick Bites,12noon to 1030pm(Mon-Sun),Very Good,4.0,72
Cafe Symphony,550,"Italian,Cafe",Jabalpur,Rampur,Café,12noon to 11pm(Mon-Sun),Good,3.8,86
Belgian Waffle,350,Desserts,Jabalpur,Hathital,Dessert Parlor,11am to 11pm(Mon-Sun),Very Good,4.2,86
Punjab Restaurant,500,"North Indian,Chinese",Jabalpur,Napier Town,Casual Dining,1pm to 11pm(Mon-Sun),Good,3.7,78
Olives Restaurant,600,North Indian,Jabalpur,Napier Town,Casual Dining,11am to 1115pm(Mon-Sun),Good,3.9,51
Celebrations The Food Junction,300,"North Indian,Fast Food",Jabalpur,Civil Lines,Quick Bites,11am to 11pm(Mon-Sun),Good,3.8,68
Keventers,400,"Desserts,Beverages,Ice Cream",Jabalpur,Cantt,Beverage Shop,11am to 11pm(Mon-Sun),Very Good,4.2,70
Any Time Meals,500,"North Indian,Chinese",Jabalpur,Khamaria,Quick Bites,10am to 11pm(Mon-Sun),Good,3.6,56
Moti Mahal Delux - Tandoori Trail,600,North Indian,Jabalpur,Civil Lines,Casual Dining,11am to 11pm(Mon-Sun),Good,3.6,38
The Cake Company Cafe,650,"Cafe,Pizza,Fast Food",Jabalpur,Napier Town,Café,11am to 11pm(Mon-Sun),Good,3.8,61
Maa Shakti Veg. Restaurant,400,North Indian,Jabalpur,Wright Town,Quick Bites,10am to 12midnight(Mon-Sun),Good,3.9,53
Nature's Tavern,250,Beverages,Jabalpur,Civil Lines,Beverage Shop,"9am to 11pm(Mon-Sat),10am to 11pm(Sun)",Very Good,4.2,32
Khopcha Restaurant,450,"North Indian,Italian,Fast Food,Chinese,Armenian",Jabalpur,Wright Town,Casual Dining,11am to 11pm(Mon-Sun),Good,3.8,72
Sheesha Sky Lounge,800,"North Indian,Mughlai,Lebanese,Chinese",Jabalpur,Napier Town,Lounge,12noon to 12midnight(Mon-Sun),Very Good,4.0,69
Popular Fresh Momos And More,400,"Fast Food,Burger",Jabalpur,Wright Town,Quick Bites,"12midnight to 10pm,1130pm to 12midnight(Mon...",Very Good,4.0,152
Coffee Culture,1200,"Cafe,Chinese,Coffee,Continental,Italian,Mexican,North Indian,Street Food",Jabalpur,Cantt,Café,11am to 11pm(Mon-Sun),Good,3.5,53
Dal Chini,850,"North Indian,Italian,Continental,Chinese",Jabalpur,Napier Town,Casual Dining,8am to 12midnight(Mon-Sun),Good,3.6,61
Panchvati Gaurav,600,"South Indian,North Indian",Jabalpur,Napier Town,Casual Dining,7am to 11pm(Mon-Sun),Good,3.8,92
Arq- The Courtyard,1200,"North Indian,Chinese,Mughlai,Italian,Continental",Jabalpur,Cantt,Casual Dining,12noon to 1145pm(Mon-Sun),Very Good,4.0,26
Paul's The Kitchen,400,"North Indian,Chinese",Jabalpur,Khamaria,Quick Bites,11am to 11pm(Mon-Sun),Good,3.5,36
Chicken & The Grill,500,"Fast Food,North Indian,Rolls",Jabalpur,Rampur,Quick Bites,7pm to 12midnight(Mon-Sun),Very Good,4.0,78
Al Habeeb Restaurant,250,Mughlai,Jabalpur,Napier Town,Quick Bites,1145am to 11pm(Mon-Sun),Good,3.7,54
Chawlas Restaurant,500,"North Indian,Chinese",Jabalpur,Napier Town,Quick Bites,12noon to 11pm(Mon-Sun),Good,3.8,54
Popular Fresh Momos and More,500,"Fast Food,Burger,Momos",Jabalpur,Vijay Nagar,Quick Bites,12noon to 10pm(Mon-Sun),Average,3.0,113
Pawar's Restaurant,350,"South Indian,Chinese",Jabalpur,Ganjipura,Casual Dining,10am to 10pm(Mon-Sun),Very Good,4.2,143
Old School Cafe,350,"Chinese,Burger,Desserts,Fast Food",Jabalpur,Napier Town,Quick Bites,11am to 9pm(Mon-Sun),Very Good,4.2,92
Clock Tower,450,"Chinese,Fast Food",Jabalpur,Ganjipura,Quick Bites,1pm to 10pm(Mon-Sun),Very Good,4.1,103
Veggies Restro,200,Fast Food,Jabalpur,Napier Town,Quick Bites,8am to 12midnight(Mon-Sun),Average,2.6,41
Dawat Restaurant,600,"North Indian,Fast Food",Jabalpur,Vijay Nagar,Casual Dining,11am to 11pm(Mon-Sun),Average,3.2,43
Traffic Jam Food Junction,900,"Fast Food,North Indian,Continental,Chinese,Salad,South Indian",Jabalpur,Cantt,Casual Dining,11am to 1030pm(Mon-Sun),Very Good,4.1,57
Roopali Inn,400,"Mughlai,Chinese,Continental,North Indian",Jabalpur,Napier Town,Quick Bites,930am to 1030pm(Mon-Sun),Good,3.6,51
Bol Biryani,300,North Indian,Jabalpur,Vijay Nagar,Quick Bites,2pm to 10pm(Mon-Sun),Good,3.7,105
Toto's Kitchen,200,"Fast Food,Beverages",Jabalpur,Wright Town,Quick Bites,8am to 12midnight(Mon-Sun),Good,3.7,39
Rudraksh Restaurant,450,North Indian,Jabalpur,Vijay Nagar,Casual Dining,11am to 11pm(Mon-Sun),Average,2.9,61
Chai Sutta Bar,400,North Indian,Jabalpur,Wright Town,Casual Dining,11am to 11pm(Mon-Sun),Good,3.8,39
Zaika Restaurant,500,North Indian,Jabalpur,Napier Town,Casual Dining,11am to 11pm(Mon-Sun),Good,3.5,38
Dubey Bhojanalaya,250,North Indian,Jabalpur,Khamaria,Quick Bites,9am to 1030pm(Mon-Sun),Average,3.3,31
Panchaiyat,300,Fast Food,Jabalpur,Wright Town,Quick Bites,11am to 11pm(Mon-Sun),Good,3.9,79
Lucky's Restaurant,300,North Indian,Jabalpur,Vijay Nagar,Casual Dining,11am to 1115pm(Mon-Sun),Good,3.7,39
Culture Restaurant,300,"North Indian,Chinese,Continental",Jabalpur,Vijay Nagar,Quick Bites,11am to 11pm(Mon-Sun),Good,3.6,34
Food Junction,150,"Chinese,Fast Food",Jabalpur,Khamaria,Quick Bites,10am to 10pm(Mon-Sun),Good,3.5,49
Daal Roti Cafe,550,North Indian,Jabalpur,Vijay Nagar,Casual Dining,12noon to 11pm(Mon-Sun),Average,3.4,57
Bombay Da Pizza Centre,400,"Fast Food,Chinese",Jabalpur,Napier Town,Quick Bites,9am to 10pm(Mon-Sun),Good,3.5,72
Hotel National Biryani,300,"North Indian,Biryani",Jabalpur,Napier Town,Quick Bites,12noon to 11pm(Mon-Sun),Good,3.6,37
Nanking,600,Chinese,Jabalpur,Napier Town,Quick Bites,11am to 10pm(Mon-Sun),Good,3.8,76
Kelly's Restaurant,500,"North Indian,Fast Food,Continental",Jabalpur,Cantt,Casual Dining,11am to 11pm(Mon-Sun),Good,3.9,49
Not Just Kebabs,250,"North Indian,Kebab",Jabalpur,Hathital,Quick Bites,1pm to 10pm(Mon-Sun),Good,3.9,55
The Cake Company,400,Bakery,Jabalpur,Civil Lines,Bakery,24,Good,3.8,36
Hotel Shree Ras,250,North Indian,Jabalpur,Napier Town,Quick Bites,1130am to 11pm(Mon-Sun),Good,3.7,25
Hashtag Cafe,300,"Fast Food,North Indian",Jabalpur,Vijay Nagar,Quick Bites,11am to 10pm(Mon-Sun),Good,3.6,23
Javed Biryani Center,300,"North Indian,Fast Food",Jabalpur,Napier Town,Quick Bites,3pm to 1030pm(Mon-Sun),Good,3.9,32
4 Seasons,550,"Italian,Continental,Fast Food,Bakery",Jabalpur,Vijay Nagar,Café,10am to 11pm(Mon-Sun),Very Good,4.1,52
Nukkad,450,Fast Food,Jabalpur,Cantt,Quick Bites,"12noon to 1030pm(Mon-Fri),12midnight to 1030pm...",Good,3.8,38
Apna Cafe,200,"South Indian,Fast Food",Jabalpur,Wright Town,Quick Bites,11am to 10pm(Mon-Sun),Good,3.8,31
Burger N Sons,400,"Burger,American,Fast Food",Jabalpur,Civil Lines,Quick Bites,12noon to 10pm(Mon-Sun),Very Good,4.0,55
Shivam's Pizza,200,Pizza,Jabalpur,Napier Town,Kiosk,11am to 10pm(Mon-Sun),Good,3.8,40
The Chai Square,200,Fast Food,Jabalpur,Napier Town,Quick Bites,9am to 9pm(Mon-Sun),Good,3.8,16
Hotel Rishi Regency,500,"North Indian,Chinese,Fast Food",Jabalpur,Civil Lines,Quick Bites,10am to 11pm(Mon-Sun),Good,3.7,40
Yogi's Hira Sweets & Hot Bakers,400,"Mithai,Fast Food,Chinese,Bakery",Jabalpur,Wright Town,Bakery,930am to 11pm(Mon-Sun),Good,3.7,47
New Indian Coffee House,600,Cafe,Jabalpur,Napier Town,Café,8am to 1030pm(Mon-Sun),Good,3.5,37
Chaat Chatore,200,Street Food,Jabalpur,Rampur,Quick Bites,(Mon-Sun),Good,3.7,42
Hi Garden Dining & Lounge,700,"North Indian,Chinese,Continental,Fast Food",Jabalpur,Napier Town,Casual Dining,12noon to 11pm(Mon-Sun),Good,3.6,40
Gupta Chat & Fast Food,100,"Street Food,Fast Food",Jabalpur,Napier Town,none,10am to 10pm(Mon-Sun),Good,3.8,57
Bubbles Bistro,400,Fast Food,Jabalpur,Vijay Nagar,Quick Bites,11am to 10pm(Mon-Sun),Good,3.8,30
Mezbaan,300,North Indian,Jabalpur,Cantt,Quick Bites,11am to 11pm(Mon-Sun),Good,3.7,33
Popular Fresh Momos 'n' More,350,"Momos,Chinese,Fast Food",Jabalpur,Civil Lines,Quick Bites,12noon to 10pm(Mon-Sun),Good,3.7,45
Hotel Shikhar Palace,750,"North Indian,Continental,Mughlai",Jabalpur,Napier Town,Casual Dining,12noon to 11pm(Mon-Sun),Average,3.1,20
Sugar Daddy,200,"Desserts,Ice Cream",Jabalpur,Cantt,Dessert Parlor,"1pm to 12midnight(Mon),12noon to 12midnight...",Good,3.6,21
The London Shakes,350,Beverages,Jabalpur,Wright Town,Beverage Shop,11am to 10pm(Mon-Sun),Good,3.5,32
Delicious Punjabees Food,300,"Mughlai,North Indian",Jabalpur,Khamaria,Quick Bites,5pm to 10pm(Mon-Sun),Average,3.3,24
Kesar's By Hira,200,"Desserts,Bakery,Mithai,Fast Food,Chinese,Pizza",Jabalpur,Napier Town,Dessert Parlor,(Mon-Sun),Good,3.6,28
Cafe Play,350,"Fast Food,Beverages",Jabalpur,Wright Town,Quick Bites,11am to 10pm(Mon-Sun),Good,3.8,32
Vasu Restaurant,400,North Indian,Jabalpur,Shakti Nagar,Casual Dining,11am to 10pm(Mon-Sun),Good,3.5,35
The Oven Classics Bakery & Cafe,350,"Fast Food,Italian,Beverages,Cafe,Chinese,Bakery",Jabalpur,Cantt,Quick Bites,"10am to 1030pm(Mon-Fri),10am to 11pm(Sat-Sun)",Good,3.9,46
Chandrakala Retreat,500,"Fast Food,Bakery",Jabalpur,Rampur,Bakery,(Mon-Sun),Average,3.0,28
The Brooks Cafe,300,Cafe,Jabalpur,Vijay Nagar,Café,11am to 10pm(Mon-Sun),Good,3.8,20
Baskin Robbins,300,"Ice Cream,Desserts",Jabalpur,Rampur,Dessert Parlor,12noon to 12midnight(Mon-Sun),Good,3.9,28
Maggi Corner,100,Fast Food,Jabalpur,Napier Town,Quick Bites,10am to 8pm(Mon-Sun),Good,3.7,24
Dinesh Masala Dosa,100,South Indian,Jabalpur,Napier Town,Quick Bites,11am to 9pm(Mon-Sun),Good,3.7,29
Chaat Chatore,300,"South Indian,Italian,Continental,Chinese",Jabalpur,Napier Town,Food Court,10am to 10pm(Mon-Sun),Average,3.4,17
Shri Siddh Sai,300,"Chinese,South Indian",Jabalpur,Napier Town,Quick Bites,11am to 11pm(Mon-Sun),Good,3.9,19
Sai Restaurant,750,"South Indian,North Indian,Chinese",Jabalpur,Napier Town,Casual Dining,9am to 1030pm(Mon-Sun),Good,3.7,52
Sandwich Corner,150,Sandwich,Jabalpur,Cantt,Quick Bites,12noon to 930pm(Mon-Sun),Good,3.6,30
Indore,250,Mithai,Jabalpur,Cantt,Sweet Shop,930am to 10pm(Mon-Sun),Good,3.5,19
Patel's Fast Food & Family Restaurant,300,"South Indian,Chinese",Jabalpur,Vijay Nagar,Quick Bites,"12noon to 9pm(Mon-Sat),3pm to 9pm(Sun)",Good,3.7,30
Dwarka Sweets,100,"Mithai,Street Food",Jabalpur,Wright Town,Sweet Shop,8am to 10pm(Mon-Sun),Average,3.4,11
Extraa innings cafe & lounge,500,"Chinese,Fast Food,Beverages",Jabalpur,Napier Town,Casual Dining,12noon to 10pm(Mon-Sun),Good,3.6,19
Food Factory,150,Street Food,Jabalpur,Napier Town,Quick Bites,10am to 10pm(Mon-Sun),Good,3.5,24
Gaurav's Bakers 'N' Ice Cream,200,"Ice Cream,Bakery",Jabalpur,Napier Town,Dessert Parlor,11am to 10pm(Mon-Sun),Average,3.4,9
Hira Sweets- Cakes & Dry Fruits,300,"Street Food,Mithai,Bakery",Jabalpur,Hathital,Quick Bites,9am to 10pm(Mon-Sun),Average,3.4,17
Ichchadhari Lassi Center,100,Beverages,Jabalpur,Wright Town,Beverage Shop,8am to 9pm(Mon-Sun),Average,3.4,10
Lambretta D'Cafe,500,Cafe,Jabalpur,Napier Town,Café,1030am to 11pm(Mon-Sun),Good,3.6,29
Maruti Bakers & Icecream,300,"Ice Cream,Bakery",Jabalpur,Khamaria,Bakery,12noon to 10pm(Mon-Sun),Average,3.3,10
Dil Khush Family Restaurant,300,North Indian,Jabalpur,Napier Town,Quick Bites,11am to 10pm(Mon-Sun),Average,3.1,15
GST Fast Foods,150,Fast Food,Jabalpur,Cantt,Quick Bites,11am to 10pm(Mon-Sun),Average,3.4,25
The Hideout Bistro,400,"Coffee,Fast Food",Jabalpur,Hathital,Café,12noon to 10pm(Mon-Sun),Average,3.3,16
Chai Station,400,"Tea,Fast Food",Jabalpur,Vijay Nagar,Quick Bites,930am to 930pm(Mon-Sun),Average,2.7,10
Ankits,500,North Indian,Jabalpur,Civil Lines,Casual Dining,8am to 1130pm(Mon-Sun),Average,3.3,29
Cafe Magicana,400,"Bengali,Fast Food",Jabalpur,Napier Town,Quick Bites,230pm to 930pm(Mon-Sun),Good,3.6,20
The China Cook,750,"Chinese,Asian",Jabalpur,Civil Lines,Casual Dining,11am to 1130pm(Mon-Sun),Good,3.5,39
